{
    "num_collisions": 3,
    "max_height_to_table": 0.2645738973778671,
    "min_distance_to_edge": 0.07691634812843615,
    "max_ee_force": 13.80593339800728,
    "avg_speed": 0.3187356218689537,
    "reach_length": 0.26566496080340046,
    "grasp_length": 0.6510245844649085,
    "obj_path_length": 0.7191555806633781,
    "total_time": 5.95,
    "pseudo_cost": 10.847872269528754,
    "speed_smoothness": 0.36070342704539715,
    "trajectory_smoothness": 0.07470774948742935,
    "anomaly": "obj_path_length"
}