,T,dof,alternative,p-val,CI95%,cohen-d,BF10,power,significant
Total Time,3.127274917397306,36.184874311854315,greater,0.001736918851011747,[242.36    inf],0.9650979920136571,23.716,0.9234756887805838,True
