{
    "num_collisions": 3,
    "max_height_to_table": 0.3411720347699456,
    "min_distance_to_edge": 0.05671922996822029,
    "max_ee_force": 15.967962173438147,
    "avg_speed": 0.39055826716232983,
    "reach_length": 0.3388030217099255,
    "grasp_length": 0.6595875602683371,
    "obj_path_length": 0.8845076949548016,
    "total_time": 5.35,
    "pseudo_cost": 10.523706408753526,
    "speed_smoothness": 0.4167556778907444,
    "trajectory_smoothness": 0.10471265140454454,
    "anomaly": "total_time"
}