{
    "num_collisions": 1,
    "max_height_to_table": 0.23635453211656388,
    "min_distance_to_edge": 0.09235553970667837,
    "max_ee_force": 10.600941742583041,
    "avg_speed": 0.380238500703636,
    "reach_length": 0.45919087974823347,
    "grasp_length": 0.9154104861171171,
    "obj_path_length": 1.0511074602436505,
    "total_time": 6.95,
    "pseudo_cost": 14.432923306202447,
    "speed_smoothness": 0.40187447495860634,
    "trajectory_smoothness": 0.05909225008384765,
    "anomaly": "num_collisions"
}