{
    "num_collisions": 6,
    "max_height_to_table": 0.36236927665280616,
    "min_distance_to_edge": 0.08446625980582542,
    "max_ee_force": 310.47174885208574,
    "avg_speed": 1.021446172857136,
    "reach_length": 0.44610075110290714,
    "grasp_length": 0.8712906659810565,
    "obj_path_length": 1.0858869759347753,
    "total_time": 7.5,
    "pseudo_cost": 27.79783104475809,
    "speed_smoothness": 1.1496272991627214,
    "trajectory_smoothness": 1.423707213405646,
    "anomaly": "num_collisions"
}