{
    "num_collisions": 3,
    "max_height_to_table": 0.33748330146571437,
    "min_distance_to_edge": 0.09482694753143245,
    "max_ee_force": 27.252030095397565,
    "avg_speed": 0.4667367675807214,
    "reach_length": 0.3650678533506217,
    "grasp_length": 0.755509546607372,
    "obj_path_length": 1.0493293498870433,
    "total_time": 5.9,
    "pseudo_cost": 12.09478318404745,
    "speed_smoothness": 0.46081885484927243,
    "trajectory_smoothness": 0.08686847441874986,
    "anomaly": "trajectory_smoothness"
}