{
    "num_collisions": 2,
    "max_height_to_table": 0.2511167268031047,
    "min_distance_to_edge": 0.1079430646766477,
    "max_ee_force": 24.052701409407774,
    "avg_speed": 0.18094930578699744,
    "reach_length": 0.2261490861587679,
    "grasp_length": 0.6509144066392478,
    "obj_path_length": 0.778909008035523,
    "total_time": 6.55,
    "pseudo_cost": 8.905211861171404,
    "speed_smoothness": 0.26296777622761275,
    "trajectory_smoothness": 0.07327890529682439,
    "anomaly": "reach_length"
}