{
    "num_collisions": 2,
    "max_height_to_table": 0.3007745756385771,
    "min_distance_to_edge": 0.10070919616294227,
    "max_ee_force": 28.71443106559466,
    "avg_speed": 0.3173478628718955,
    "reach_length": 0.2634751100958645,
    "grasp_length": 0.6411854943323666,
    "obj_path_length": 0.902695067887856,
    "total_time": 5.75,
    "pseudo_cost": 9.315667414619151,
    "speed_smoothness": 0.3755518447633309,
    "trajectory_smoothness": 0.11180761964162662,
    "anomaly": "reach_length"
}