{
    "num_collisions": 2,
    "max_height_to_table": 0.29457764423060895,
    "min_distance_to_edge": 0.07521063703930506,
    "max_ee_force": 51.50573589718629,
    "avg_speed": 0.434450695994648,
    "reach_length": 0.25089130646284485,
    "grasp_length": 0.6170214515452321,
    "obj_path_length": 0.852057161772318,
    "total_time": 4.75,
    "pseudo_cost": 9.071925752635194,
    "speed_smoothness": 0.33918361309414,
    "trajectory_smoothness": 0.17016272182661837,
    "anomaly": "total_time"
}