{
    "num_collisions": 2,
    "max_height_to_table": 0.3289032168034971,
    "min_distance_to_edge": 0.05762609876130001,
    "max_ee_force": 40.392960908687655,
    "avg_speed": 0.4404961286952387,
    "reach_length": 0.37667704729323265,
    "grasp_length": 0.7481938545954966,
    "obj_path_length": 0.9939949209150751,
    "total_time": 5.95,
    "pseudo_cost": 11.935342944316691,
    "speed_smoothness": 0.39647655312263225,
    "trajectory_smoothness": 0.08415207908136614,
    "anomaly": "num_collisions"
}