{
    "num_collisions": 4,
    "max_height_to_table": 0.28383367749695676,
    "min_distance_to_edge": 0.05451174580090157,
    "max_ee_force": 22.063758549852004,
    "avg_speed": 0.42121662581010033,
    "reach_length": 0.21994422487763965,
    "grasp_length": 0.49389942676250786,
    "obj_path_length": 0.7611909009579447,
    "total_time": 4.45,
    "pseudo_cost": 9.758870567447994,
    "speed_smoothness": 0.5099143865664932,
    "trajectory_smoothness": 0.08588839749705021,
    "anomaly": "total_time"
}