{
    "avg_speed": {
        "max": 1.4868881569838572,
        "mean": 0.6202611999925801,
        "median": 0.4570344400275683,
        "min": 0.16591683483909145,
        "percentile_25": 0.3575577926070236,
        "percentile_75": 0.9392042603184731,
        "std": 0.33366864591558243
    },
    "max_height_to_table": {
        "max": 0.7209588307482637,
        "mean": 0.3120330625661192,
        "median": 0.30075662378611767,
        "min": 0.176156184722835,
        "percentile_25": 0.26534937249585244,
        "percentile_75": 0.34436887681014705,
        "std": 0.06804130537507182
    },
    "min_distance_to_edge": {
        "max": 0.15241135256527089,
        "mean": 0.07873123588265132,
        "median": 0.07988201945924682,
        "min": -0.001589136738082475,
        "percentile_25": 0.057632238380520534,
        "percentile_75": 0.09921661776640772,
        "std": 0.029452316195926555
    },
    "grasp_pos": {
        "max": 0.05691396764002192,
        "mean": 0.02552932722165293,
        "median": 0.025205709379483916,
        "min": 0.0,
        "percentile_25": 0.017864468765706153,
        "percentile_75": 0.03250577049320833,
        "std": 0.009521600525586324
    },
    "max_ee_force": {
        "max": 2863.1887355197487,
        "mean": 218.3650750316929,
        "median": 36.27147912846202,
        "min": 6.55167703604802,
        "percentile_25": 22.13144456951178,
        "percentile_75": 325.43992116768896,
        "std": 358.4361676244212
    },
    "max_obj_to_eef_angle": {
        "max": 179.9998225716561,
        "mean": 178.66158490108788,
        "median": 179.64057351449915,
        "min": 172.1767550894519,
        "percentile_25": 178.1017777998579,
        "percentile_75": 179.94004635807792,
        "std": 1.8546041544641947
    },
    "num_collisions": {
        "max": 11,
        "mean": 3.0864779874213837,
        "median": 3.0,
        "min": 0,
        "percentile_25": 2.0,
        "percentile_75": 4.0,
        "std": 1.4795480520059805
    },
    "grasp_length": {
        "max": 1.5196940733399884,
        "mean": 0.7390568237937495,
        "median": 0.731609144935506,
        "min": 0.01274675447406007,
        "percentile_25": 0.632363950502406,
        "percentile_75": 0.8360784177467574,
        "std": 0.1791039735258191
    },
    "obj_path_length": {
        "max": 1.6893907744972614,
        "mean": 0.9600587954353595,
        "median": 0.9467676047382945,
        "min": 0.38922326497476983,
        "percentile_25": 0.825438827585161,
        "percentile_75": 1.0664464686949038,
        "std": 0.17963977922199056
    },
    "reach_length": {
        "max": 1.33011180456385,
        "mean": 0.40055852017739685,
        "median": 0.39308272143619555,
        "min": 0.15989494714504998,
        "percentile_25": 0.3231504398353227,
        "percentile_75": 0.45881430582562394,
        "std": 0.12408478074258933
    },
    "pseudo_cost": {
        "max": 51.723592084486704,
        "mean": 18.5124165457615,
        "median": 12.652443611009497,
        "min": 6.866688157351265,
        "percentile_25": 10.103662690048912,
        "percentile_75": 26.983377946054105,
        "std": 11.403431444917839
    },
    "speed_smoothness": {
        "max": 1.5860376891078822,
        "mean": 0.652460608172091,
        "median": 0.4072337988143722,
        "min": 0.24631976883078802,
        "percentile_25": 0.3699013944737263,
        "percentile_75": 1.0830977897660135,
        "std": 0.38102776425013585
    },
    "total_time": {
        "max": 8.0,
        "mean": 6.47877358490566,
        "median": 6.55,
        "min": 4.05,
        "percentile_25": 5.65,
        "percentile_75": 7.5,
        "std": 1.0178813576100936
    },
    "trajectory_smoothness": {
        "max": 2.4433391053255233,
        "mean": 0.4546527539843652,
        "median": 0.12927254117094578,
        "min": 0.02582083030897161,
        "percentile_25": 0.08816334517318561,
        "percentile_75": 0.9103452588862034,
        "std": 0.5167512827495497
    }
}