{
    "num_collisions": 3,
    "max_height_to_table": 0.30623922554934513,
    "min_distance_to_edge": 0.14453475802195173,
    "max_ee_force": 23.05317699806888,
    "avg_speed": 0.2987305773440748,
    "reach_length": 0.35613822367246933,
    "grasp_length": 0.5694406742456071,
    "obj_path_length": 0.7561362160901257,
    "total_time": 5.65,
    "pseudo_cost": 8.419468573197005,
    "speed_smoothness": 0.3727603167510228,
    "trajectory_smoothness": 0.07853788934091538,
    "anomaly": "min_distance_to_edge"
}