{
    "num_collisions": 5,
    "max_height_to_table": 0.33983753739058,
    "min_distance_to_edge": 0.11631403039735441,
    "max_ee_force": 591.3784452592433,
    "avg_speed": 1.2401985697771654,
    "reach_length": 0.52526981821522,
    "grasp_length": 0.8595293954226906,
    "obj_path_length": 1.0645306676994888,
    "total_time": 7.5,
    "pseudo_cost": 36.49674027971077,
    "speed_smoothness": 1.1598230662746745,
    "trajectory_smoothness": 1.1624627680856792,
    "anomaly": "avg_speed"
}