{
    "collisions": [
        [
            [
                0.55,
                1.2000000000000002
            ],
            "/keyframes/mg_demo_3390/mg_demo_3390_collision_16_19.png"
        ],
        [
            [
                0.9500000000000002,
                1.5
            ],
            "/keyframes/mg_demo_3390/mg_demo_3390_collision_24_25.png"
        ],
        [
            [
                1.85,
                3.35
            ],
            "/keyframes/mg_demo_3390/mg_demo_3390_collision_42_62.png"
        ],
        [
            [
                3.0500000000000003,
                7.7
            ],
            "/keyframes/mg_demo_3390/mg_demo_3390_collision_66_149.png"
        ]
    ],
    "highest_point": [
        [
            1.3,
            1.8
        ],
        "/keyframes/mg_demo_3390/mg_demo_3390_highest_point.png"
    ],
    "nearest_point_to_edge": [
        [
            1.7000000000000002,
            2.2
        ],
        "/keyframes/mg_demo_3390/mg_demo_3390_nearest_point_to_front_edge.png"
    ],
    "pick_up_point": [
        [
            0.8500000000000001,
            1.35
        ],
        "/keyframes/mg_demo_3390/mg_demo_3390_pick_up_point.png"
    ],
    "release_point": [
        [
            2.2,
            2.7
        ],
        "/keyframes/mg_demo_3390/mg_demo_3390_release_point.png"
    ]
}