{
    "num_collisions": 3,
    "max_height_to_table": 0.29699430214577793,
    "min_distance_to_edge": 0.06553186008060963,
    "max_ee_force": 24.228106558922846,
    "avg_speed": 0.2900022023393294,
    "reach_length": 0.3635780493995904,
    "grasp_length": 0.5528060416458748,
    "obj_path_length": 0.7610927873970665,
    "total_time": 5.95,
    "pseudo_cost": 8.703085812137225,
    "speed_smoothness": 0.35545198640090225,
    "trajectory_smoothness": 0.12896189123499957,
    "anomaly": "obj_path_length"
}