{
    "num_collisions": 2,
    "max_height_to_table": 0.2915953278444239,
    "min_distance_to_edge": 0.11204573994282982,
    "max_ee_force": 14.491429204255713,
    "avg_speed": 0.39435599559414575,
    "reach_length": 0.31184446814571665,
    "grasp_length": 0.5261220537938003,
    "obj_path_length": 0.7583347652758016,
    "total_time": 4.6,
    "pseudo_cost": 7.6269418027373534,
    "speed_smoothness": 0.3899827237966706,
    "trajectory_smoothness": 0.11780513637200693,
    "anomaly": "total_time"
}