{
    "num_collisions": 1,
    "max_height_to_table": 0.22810301502958308,
    "min_distance_to_edge": 0.0920263276132359,
    "max_ee_force": 26.817147845107876,
    "avg_speed": 0.44689059670381476,
    "reach_length": 0.22415882861856407,
    "grasp_length": 0.34996599861395533,
    "obj_path_length": 0.5526804329689705,
    "total_time": 4.1,
    "pseudo_cost": 8.118253565506166,
    "speed_smoothness": 0.4062547530358832,
    "trajectory_smoothness": 0.16583946028139213,
    "anomaly": "total_time"
}