{
    "collisions": [
        [
            [
                2.25,
                2.8000000000000003
            ],
            "/keyframes/ph_demo_13/ph_demo_13_collision_50_51.png"
        ],
        [
            [
                5.5,
                6.25
            ],
            "/keyframes/ph_demo_13/ph_demo_13_collision_115_120.png"
        ]
    ],
    "highest_point": [
        [
            5.050000000000001,
            5.550000000000001
        ],
        "/keyframes/ph_demo_13/ph_demo_13_highest_point.png"
    ],
    "nearest_point_to_edge": [
        [
            4.45,
            4.95
        ],
        "/keyframes/ph_demo_13/ph_demo_13_nearest_point_to_front_edge.png"
    ],
    "pick_up_point": [
        [
            2.4000000000000004,
            2.9000000000000004
        ],
        "/keyframes/ph_demo_13/ph_demo_13_pick_up_point.png"
    ],
    "release_point": [
        [
            5.800000000000001,
            6.300000000000001
        ],
        "/keyframes/ph_demo_13/ph_demo_13_release_point.png"
    ]
}