{
    "num_collisions": 1,
    "max_height_to_table": 0.29637063345899084,
    "min_distance_to_edge": 0.10908841630695029,
    "max_ee_force": 15.728046497725778,
    "avg_speed": 0.4824238189905826,
    "reach_length": 0.4294309903087764,
    "grasp_length": 0.6152152533288466,
    "obj_path_length": 0.8733615222963502,
    "total_time": 6.45,
    "pseudo_cost": 13.206094802560433,
    "speed_smoothness": 0.3681779760588814,
    "trajectory_smoothness": 0.060358036939332296,
    "anomaly": "num_collisions"
}