{
    "num_collisions": 2,
    "max_height_to_table": 0.31784348100596693,
    "min_distance_to_edge": 0.06193062185181153,
    "max_ee_force": 10.720339141921878,
    "avg_speed": 0.3821165133747375,
    "reach_length": 0.30539436898242434,
    "grasp_length": 0.6171720304355448,
    "obj_path_length": 0.8833169845991686,
    "total_time": 4.9,
    "pseudo_cost": 9.733184051930069,
    "speed_smoothness": 0.3764654748385898,
    "trajectory_smoothness": 0.10792072571702255,
    "anomaly": "total_time"
}